{
  "project_info": {
    "project_number": "164999198100",
    "project_id": "com-example-myapplication3",
    "storage_bucket": "com-example-myapplication3.firebasestorage.app"
  },
  "client": [
    {
      "client_info": {
        "mobilesdk_app_id": "1:164999198100:android:efbef3cdbfe1e9d5edcb81",
        "android_client_info": {
          "package_name": "com.example.myapplication3"
        }
      },
      "oauth_client": [],
      "api_key": [
        {
          "current_key": "AIzaSyAgMamjWeDx63hNmpHlsSdZN_SnkBbPMgo"
        }
      ],
      "services": {
        "appinvite_service": {
          "other_platform_oauth_client": []
        }
      }
    }
  ],
  "configuration_version": "1"
}